image_id,recipe_name,source_url,saved_filename,status
img-010,Bistek,https://upload.wikimedia.org/wikipedia/commons/thumb/a/a6/Bistek_tagalog.jpg/800px-Bistek_tagalog.jpg,,FAILED
img-011,Tuna Nicoise,https://upload.wikimedia.org/wikipedia/commons/thumb/3/3d/Salade_nicoise.jpg/800px-Salade_nicoise.jpg,,FAILED
img-012,Pancakes,https://upload.wikimedia.org/wikipedia/commons/thumb/2/2c/Pancakes_with_honey.jpg/800px-Pancakes_with_honey.jpg,,FAILED
img-013,Chocolate Raspberry Brownies,https://upload.wikimedia.org/wikipedia/commons/thumb/b/bc/Brownies.jpg/800px-Brownies.jpg,,FAILED
img-014,Vegan Casserole,https://upload.wikimedia.org/wikipedia/commons/thumb/3/35/Ratatouille_2.jpg/800px-Ratatouille_2.jpg,,FAILED
img-015,Mushroom & Chestnut Rotolo,https://upload.wikimedia.org/wikipedia/commons/thumb/5/55/Mushroom_risotto.jpg/800px-Mushroom_risotto.jpg,,FAILED
img-016,Matar Paneer,https://upload.wikimedia.org/wikipedia/commons/thumb/d/da/Mutter_paneer.jpg/800px-Mutter_paneer.jpg,,FAILED
img-017,Squash Linguine,https://upload.wikimedia.org/wikipedia/commons/thumb/2/20/Spaghetti_Bolognese_mit_Parmesan_oder_Grana_Padano.jpg/800px-Spaghetti_Bolognese_mit_Parmesan_oder_Grana_Padano.jpg,,FAILED
img-018,Vegetarian Chilli,https://upload.wikimedia.org/wikipedia/commons/thumb/7/71/Chili_con_carne.jpg/800px-Chili_con_carne.jpg,,FAILED
img-019,Carrot Cake,https://upload.wikimedia.org/wikipedia/commons/thumb/6/60/Carrot_Cake_Whole.jpg/800px-Carrot_Cake_Whole.jpg,,FAILED
img-020,Madeira Cake,https://upload.wikimedia.org/wikipedia/commons/thumb/0/04/Pound_layer_cake.jpg/800px-Pound_layer_cake.jpg,,FAILED
img-021,Rock Cake,https://upload.wikimedia.org/wikipedia/commons/thumb/6/6d/Rock_cakes.JPG/800px-Rock_cakes.JPG,,FAILED
img-022,Brie wrapped in Prosciutto & Brioche,https://upload.wikimedia.org/wikipedia/commons/thumb/d/d3/Brie_de_Meaux_J1.jpg/800px-Brie_de_Meaux_J1.jpg,,FAILED
img-027,Bread Omelette,https://upload.wikimedia.org/wikipedia/commons/thumb/a/a4/Omelette_2.jpg/800px-Omelette_2.jpg,,FAILED
img-028,Fasoliyyeh Bi Z-Zayt,https://upload.wikimedia.org/wikipedia/commons/thumb/1/15/Green_beans.jpg/800px-Green_beans.jpg,,FAILED
img-029,Warm Roast Asparagus Salad,https://upload.wikimedia.org/wikipedia/commons/thumb/a/a6/Asparagus_salad.jpg/800px-Asparagus_salad.jpg,,FAILED
img-030,Iced Pumpkin Spice Latte,https://upload.wikimedia.org/wikipedia/commons/thumb/4/45/A_small_cup_of_coffee.JPG/640px-A_small_cup_of_coffee.JPG,,FAILED
img-031,Pomegranate Fizz,https://upload.wikimedia.org/wikipedia/commons/thumb/0/0a/Pomegranate_juice.jpg/800px-Pomegranate_juice.jpg,,FAILED
img-032,Virgin Strawberry Daiquiri,https://upload.wikimedia.org/wikipedia/commons/thumb/4/4f/Strawberry_ice_cream_cone_(5076899310).jpg/800px-Strawberry_ice_cream_cone_(5076899310).jpg,,FAILED
img-033,Watermelon and Strawberry Lemonade,https://upload.wikimedia.org/wikipedia/commons/thumb/9/97/Lemonade.jpg/800px-Lemonade.jpg,,FAILED
img-034,Gordon's Berry Breakfast Drink,https://upload.wikimedia.org/wikipedia/commons/thumb/1/15/Blueberries.jpg/800px-Blueberries.jpg,,FAILED
